License Plate,Make,Model,Year
3HFA512,DODGE,NEON HIGHLINE,1995
3TEL301,TOYOTA,CAMRY LE/XLE,1997
3JJR161,TOYOTA,COROLLA LE,1991
3MWJ553,TOYOTA,CAMRY XLE,1994
3FFU831,FORD,THUNDERBIRD LX,1993
3TKL540,DODGE,NEON HIGHLINE/SPORT,1997
3VRS142,TOYOTA,MR2,1987
3UNE785,GEO,PRIZM/LSI,1997
3PRS971,FORD,EXPLORER,1996
3HKZ482,HONDA,CIVIC LX,1994
3CDU513,HONDA,ACCORD DX/LX,1992
3JGK323,JEEP,GRAND CHEROKEE LIMITED/OR,1995
3WRK638,CHEVROLET,CAVALIER VL/RS,1994
3HLX716,SUBARU,LEGACY L/L ALPINE",1994
3RLJ777,FORD,TAURUS GL,1996
3UHW120,FORD,EXPEDITION,1997
3HXU427,CHEVROLET,S10 BLAZER,1986
3NFC377,TOYOTA,CAMRY XLE,1995
3WLL852,FORD,MUSTANG COBRA,1997
3LNF085,HONDA,CIVIC,1990
3VGN290,HONDA,PRELUDE 1800,1986
3VQZ675,NISSAN,PATHFINDER XE/LE,1997
3QJN146,CHRYSLER,PACIFICA TOURING,2007
3SUB983,TOYOTA,CELICA ST,1990
3VNG132,JEEP,GRAND CHEROKEE LIMITED,1998
3MRK122,MITSUBISHI,ECLIPSE RS,1995
3FBR101,NISSAN,SENTRA E/XE/SE,1993
3DGV330,TOYOTA,COROLLA LE,1993
3QPP661,FREIGHTLINER,CONVENTIONAL FLD120,2000
3LCC231,FORD,MUSTANG GT/GTS,1995
3KVY907,DODGE,COLT DL,1984
3FHJ948,BMW,325I,1993
3NWJ783,CADILLAC,SEVILLE,1987
3VYW445,Ford,Aerostar Eddie Bauer / XL / XLT,1990
3QPU893,HYUNDAI,SONATA GL,2001
3AAB357,DODGE,SHADOW,1989
3NDF101,NISSAN,ALTIMA XE/GXE/SE/GLE,1995
3XXH529,BUICK,REGAL CUSTOM,1988
3LTB971,MAZDA,626 DX/LX,1995
3TYS045,NISSAN,SENTRA,1990
3XIG193,MERCEDES-BENZ,E320,1998
3PBT582,BMW,318I AUTOMATIC,1995
3HVL676,HONDA,ACCORD LX/EX,1990
3XRU759,HONDA,CIVIC LX,1998
3PRR644,TOYOTA,4RUNNER SR5,1995
3DWU809,MAZDA,PROTEGE DX,1994
3TKX333,TOYOTA,TERCEL STD,1993
3SBX338,PLYMOUTH,VOYAGER SE,1985
3LHV462,HONDA,ACCORD LX/EX,1995
3JRM374,CHEVROLET,ASTRO VAN,1994
3TOE923,BMW,740I AUTOMATIC,1997
3VVN386,CHEVROLET,TAHOE K1500,1997
3QGC879,FREIGHTLINER,CASCADIA 125,2014
3ERZ820,TOYOTA,CELICA GT,1986
3NOG533,CHEVROLET,LUMINA,1996
3BDV171,TOYOTA,CAMRY DELUXE,1992
3SMZ391,DODGE,AVENGER/ES,1996
3BHY927,TOYOTA,COROLLA LE/DELUXE,1992
3NOT599,TOYOTA,COROLLA,1995
3KIG038,HONDA,CIVIC LX,1995
3WSN369,MITSUBISHI,ECLIPSE GS,1997
3XBJ993,MERCEDES-BENZ,C230,1998
3TJS166,HONDA,ACCORD LX/EX,1997
3LEG216,JEEP,GRAND CHEROKEE LAREDO,1995
3BGA638,NISSAN,STANZA,1992
3LRZ209,NISSAN,200SX/SE,1995
3LSL565,NISSAN,QUEST XE/GXE,1995
3FCN266,TOYOTA,CAMRY LE,1993
3XUJ540,PLYMOUTH,VOYAGER,1998
3FAP182,FORD,THUNDERBIRD LX,1993
3PFC040,NISSAN,SENTRA E/XE/GXE/GLE,1996
3QZB850,FREIGHTLINER,CASCADIA 126,2018
3CCB292,TOYOTA,CAMRY LE,1993
3DES113,HONDA,CIVIC DX,1993
3UCW077,MAZDA,PROTEGE DX/LX/ES,1996
3BPJ525,NISSAN,SENTRA E/XE,1993
3JJX527,MAZDA,MPV WAGON,1991
3WYE687,CHEVROLET,CAPRICE CLASSIC,1988
3RUL945,HONDA,PRELUDE 2.0SI/S,1987
3UJV545,OLDSMOBILE,CUTLASS SUPREME BROUGHAM,1982
3VPD235,GMC,JIMMY S15,1988
3TIM160,HONDA,PRELUDE SI/SR,1996
3PQY931,TOYOTA,CAMRY DX/LE/XLE,1996
3DFX214,FORD,CROWN VICTORIA LX,1993
3WQJ602,FORD,ESCORT ZX2/SPORT,1998
3PQF314,SATURN,SL1,1996
3PIW400,HONDA,ACCORD EX/EXR,1996
3BUB079,HONDA,PRELUDE 2.0SI/S,1987
3KRX659,TOYOTA,TERCEL DX,1995
3BMP062,BUICK,REGAL CUSTOM,1992
3HIS556,DODGE,INTREPID,1994
3UWV361,CHEVROLET,CAVALIER,1997
3TSN181,HONDA,ACCORD LX/EX,1990
3CDT692,DODGE,GRAND CARAVAN,1993
3MXC054,TOYOTA,COROLLA FX,1988
3XTP741,CHEVROLET,C1500 SUBURBAN,1998
3BGR283,Honda,Accord LX,1992
3GQR788,TOYOTA,CAMRY LE,1994
3CYR394,FORD,AEROSTAR,1993
3CEW865,ISUZU,RODEO S,1992
4SFS687,ACURA,3.2 TL,2001
4CNS957,HONDA,CIVIC EX,1995
4FBB627,JEEP,CHEROKEE PIONEER,1987
4XLW155,BUICK,REGAL LS,2002
4CEK291,MAZDA,PROTEGE ES,1999
4UXJ963,MERCURY,GRAND MARQUIS GS,1993
4MAV905,DAEWOO,NUBIRA SE,2000
4PYL728,CHEVROLET,ASTRO VAN,2000
4ATP403,CHEVROLET,MALIBU,1998
4BRN844,NISSAN,PATHFINDER XE/LE,1998
4RWE340,DODGE,GRAND CARAVAN SPORT,2001
4JJB817,HONDA,ACCORD EX,2000
4YUC239,JEEP,GRAND CHEROKEE LAREDO,2002
4RLR719,HYUNDAI,ELANTRA GLS,2000
4YVK710,JEEP,CHEROKEE PIONEER,1986
4VGG148,FORD,MUSTANG,2002
4EMB148,BMW,528I AUTOMATIC,1999
4ETX682,HONDA,CIVIC EX,1999
4FYG836,ACURA,INTEGRA GS,1999
4NBX420,FORD,ESCORT LX,1997
4RTY612,FORD,CLUB WAGON SUPER E350,1986
4NHT507,TOYOTA,CAMRY CE/LE/XLE,2000
4HZK953,TOYOTA,SIENNA LE/XLE,2000
4PHG165,CHEVROLET,TAHOE C1500,2001
4ULE024,LEXUS,LS 430,2002
4FRB963,CHEVROLET,METRO,1999
4UGH342,TOYOTA,COROLLA CE/LE/S,2002
4VRH555,CHEVROLET,CAVALIER VL/RS,1992
4WME267,SATURN,SL1,1999
4FTG110,DODGE,NEON HIGHLINE/SPORT/R/T,1999
4ZNJ109,HONDA,ODYSSEY EX,2003
4EWT762,CHRYSLER,LEBARON GTS,1985
4ZJA170,ACURA,3.2 TL,2002
4EDC736,FORD,THUNDERBIRD LX,1991
4VFA988,HYUNDAI,SONATA GLS/LX,2002
4SDY253,LINCOLN,CONTINENTAL,1997
4FPJ574,FORD,MUSTANG GT,1987
4PIP102,HONDA,ACCORD EX,2001
4HDT693,TOYOTA,CAMRY LE/XLE,1999
4DKG494,TOYOTA,4RUNNER SR5,1999
4ZGT704,TOYOTA,CAMRY DELUXE,1987
4TAM715,FORD,AEROSTAR,1993
4ESL945,CHEVROLET,MALIBU LS,2000
4WQV192,DAEWOO,NUBIRA SX,1999
4ECU184,FORD,EXPEDITION,1999
4GXK078,BMW,740I AUTOMATIC,1997
4SCZ195,CHEVROLET,CAVALIER/CAVALIER CNG,2001
4DRY839,FORD,TAURUS LX,1999
4MVM499,LEXUS,ES 300,2000
4EFS550,CHRYSLER,300M,1999
4QQI890,CHEVROLET,S10,1995
4XPA866,ACURA,INTEGRA GS-R,1996
4RAX483,GEO,PRIZM/LSI,1995
4HKC832,MERCEDES-BENZ,E320,1999
4TLE616,TOYOTA,CAMRY CE/LE/XLE,2001
4YEM657,CHEVROLET,TAHOE C1500,2002
4PMP755,HONDA,PRELUDE SI,1990
4SLU283,FORD,AEROSTAR,1989
4FAZ138,TOYOTA,COROLLA DELUXE,1990
4MWN108,TOYOTA,COROLLA CE/LE/S,2001
4TME312,BUICK,CENTURY CUSTOM,2001
4TMP626,PONTIAC,SUNBIRD LE,1994
4PCW360,CHRYSLER,LEBARON,1987
4VYT215,CHEVROLET,VENTURE,2002
4EEC354,FORD,WINDSTAR LX,1999
4QCG856,HONDA,CIVIC LX,1998
4ZKW063,ACURA,LEGEND,1991
4HPY554,CHRYSLER,SEBRING LXI,1998
4XEG838,TOYOTA,RAV4,2002
4YZK830,FORD,AEROSTAR,1990
4PLA994,BMW,325I,2001
4FCD699,NISSAN,ALTIMA XE/GXE/SE/GLE,1998
4HZF244,MITSUBISHI,ECLIPSE GT,2000
4UNM863,TOYOTA,COROLLA CE/LE/S,2002
4PFT627,ACURA,INTEGRA GS,2000
4AZA982,FORD,MUSTANG,1998
4VSR743,HONDA,ACCORD LX,2002
4XTL959,MITSUBISHI,DIAMANTE LS,2001
4PJA696,MERCEDES-BENZ,ML430,2001
4AGB971,PLYMOUTH,VOYAGER SE/EXPRESSO,1998
4TYJ842,DODGE,AVENGER,1997
4ARK061,TOYOTA,4RUNNER LTD,1998
4SJS749,KIA,SPORTAGE,2001
4ULA594,NISSAN,ALTIMA XE/GXE/SE,2001
4WWY052,CHEVROLET,IMPALA,2001
4ZDF729,HONDA,CIVIC LX,1989
4KYZ528,SUBARU,LEGACY OUTBACK AWP,2000
4NSL398,CHEVROLET,CORSICA LT,1990
4RVP248,TOYOTA,CELICA GT,2001
4CMW234,TOYOTA,4RUNNER LTD,1998
4RRH265,HONDA,ACCORD EX,2001
4RBY863,MAZDA,PROTEGE DX/LX/ES,1996
4FBL016,CHEVROLET,CELEBRITY,1989
4KGR378,JEEP,CHEROKEE,1984
4RYB029,FORD,EXPLORER XLT,2001
4TIA105,FORD,ESCAPE XLS,2001
4TPR184,JEEP,WRANGLER SAHARA/TJ SAHARA,2002
4TOR521,FORD,TAURUS GL,1995
4VCK782,DODGE,STRATUS SE,2002
4HZN775,HONDA,ODYSSEY EX,2000
5DNM583,GMC,YUKON DENALI XL,2003
5JWL248,HONDA,CIVIC EX,2002
5LEM677,TOYOTA,HIGHLANDER/LIMITED,2002
5BFE549,TOYOTA,PREVIA DLX,1992
5ZIH475,OLDSMOBILE,CUTLASS CIERA BROUGHAM,1988
5TGD492,TOYOTA,HIGHLANDER/HYBRID,2006
5GCP304,TOYOTA,CAMRY LE/XLE,2004
5WXS760,FORD,EXPLORER XLT,2006
5DTY338,FORD,EXPLORER XLT/XLT SPORT/NB,2003
5ZHC956,BMW,328I SULEV,2007
5BZE614,CHEVROLET,ASTRO VAN,1996
5FVA126,TOYOTA,CAMRY SE,2004
5ELK816,FORD,WINDSTAR LX,1999
5NFV610,INFINITI,G35,2005
5WXM764,CHEVROLET,EQUINOX LT,2006
5DXV717,GMC,YUKON XL C1500,2003
5MTM810,CHEVROLET,IMPALA,2005
5ATL530,AUDI,A6 3.0,2002
5TVR182,CHRYSLER,PT CRUISER,2006
5ZGA645,HONDA,ACCORD EX,2007
5UMJ581,MAZDA,PROTEGE DX/LX,2000
5GRX451,NISSAN,ALTIMA S/SL,2005
5VYV271,TOYOTA,COROLLA/MATRIX/XR,2006
5FQB699,TOYOTA,CAMRY LE/XLE/SE,2004
5LEG432,BMW,325CI,2001
5DHN920,DODGE,NEON HIGHLINE,1996
5VLK655,MERCURY,GRAND MARQUIS GS,2000
5GHK664,DODGE,600 SE,1987
5RNM526,SUBARU,LEGACY OUTBACK 2.5I,2005
5CAD451,FORD,TAURUS SE/COMFORT/SPORT,1999
5PVK343,HONDA,ACCORD HYBRID,2005
5BGB386,FORD,TAURUS SE,2003
5AXD180,CHRYSLER,PT CRUISER CLASSIC,2003
5WUT372,HONDA,CR-V LX,2007
5DXX565,VOLVO,S40 1.9T,2004
5TFX847,NISSAN,XTERRA 4.0,2005
5JXN527,GEM,825,2003
5JOW552,FORD,EXCURSION EDDIE BAUER,2003
5LZY812,MITSUBISHI,MONTERO SPORT LS,1998
5ZJH372,FORD,MUSTANG,2007
5CZE455,FORD,EXPLORER,1999
5JNP476,VOLKSWAGEN,PASSAT GL,2003
5TAN265,BMW,325I,2006
5BOD687,ACURA,INTEGRA LS,1991
5XPS653,LAND ROVER,LR3 HSE,2006
5BIS409,PONTIAC,SUNFIRE SE,1999
5ULV236,HONDA,CIVIC LX,2006
5UGR945,HONDA,PILOT EX,2006
5XYV745,CHEVROLET,ASTRO VAN,1999
5MYW547,SUZUKI,SIDEKICK JS,1990
5AGW905,FORD,CROWN VICTORIA LX,1992
5NUC093,BMW,X5 3.0I,2005
5RTV357,TOYOTA,PRIUS,2005
5ZCP716,TOYOTA,AVALON XL/XLS/TOURING/LIM,2007
5KBY640,VOLVO,S80 2.5T,2004
5WSM461,CHRYSLER,TOWN & COUNTRY,2006
5EWX178,TOYOTA,CAMRY LE/XLE/SE,2004
5MAG871,LINCOLN,TOWN CAR EXECUTIVE,1992
5RSR475,HONDA,CIVIC LX,1990
5GBT370,TOYOTA,COROLLA DX,1997
5CAL138,MAZDA,MX-5 MIATA,1991
5AWF907,CHEVROLET,TRAILBLAZER,2003
5HTL600,ACURA,LEGEND LC,1989
5GPD031,VOLKSWAGEN,NEW BEETLE GLS,2003
5DBD946,TOYOTA,CAMRY LE/XLE/SE,2003
5PJN017,CHRYSLER,PT CRUISER TOURING ED,2004
5HQN280,HONDA,ODYSSEY EX,2000
5BGV135,GMC,JIMMY,1997
5FQB457,TOYOTA,CAMRY LE/XLE/SE,2004
5UAB514,KIA,OPTIMA LX/EX,2006
5KJS660,ACURA,3.5 RL,2004
5SMH800,FORD,MUSTANG GT,1987
5AFS506,OLDSMOBILE,DELTA 88 ROYALE,1989
5UEE899,HONDA,CR-V EX,2006
5SXF856,MAZDA,MAZDA3S,2006
5XAR537,TOYOTA,SIENNA CE/LE,2006
5KEC125,CHEVROLET,EQUINOX LT,2005
5BFT492,FORD,MUSTANG LX,1988
5DYP445,LEXUS,ES 300,1992
5ZZH581,CHEVROLET,MALIBU 2LT,2008
5PSR299,CHEVROLET,CAVALIER,1998
5YUY339,HONDA,ODYSSEY EXL,2007
5HBU162,MERCEDES-BENZ,SL500,2004
5XAY227,KIA,SPORTAGE,2006
5TVY699,TOYOTA,CAMRY LE/XLE/SE,2002
5VNP656,Toyota,Camry CE / LE / SE / XLE,2007
5MLJ986,TOYOTA,COROLLA CE/LE/S,2005
5TAZ227,FORD,FOCUS ZX4,2006
5AYM150,NISSAN,200SX/SE,1995
5ENY692,FORD,EXPLORER SPORT,2003
5SHY263,HONDA,CR-V LX,2006
5AHR979,ISUZU,AXIOM S,2002
5MZZ106,HONDA,CIVIC EX,2005
5CNA246,ACURA,3.2 TL,2003
5GXZ490,CHEVROLET,C1500 SUBURBAN,2004
5TIE372,JEEP,GRAND CHEROKEE LAREDO,2000
5RUK250,CHEVROLET,S10 BLAZER,1989
5UPZ957,TOYOTA,SIENNA CE/LE,2006
5KKP665,TOYOTA,CAMRY CE/LE/XLE,1997
5MYR248,HYUNDAI,ELANTRA GLS/GT,2005
6XWX872,KIA,SORENTO LX,2013
6ZVS823,HONDA,ACCORD EX-L,2013
6WWD482,FORD,EDGE SPORT,2013
6BPT555,NISSAN,ALTIMA 3.5 SE,2008
6BGC331,HONDA,CR-V LX,2003
6VIG776,HONDA,ACCORD LX,1999
6DCH414,LEXUS,IS 250,2008
6TYU243,HONDA,CIVIC EX,2011
6YLX989,TOYOTA,CAMRY SOLARA SE/SLE,1999
6PQF197,HYUNDAI,SONATA SE/LIMITED,2011
6EHB022,DODGE,GRAND CARAVAN SXT,2008
6WKP292,INFINITI,G37 BASE/SPORT,2010
6DNV905,CADILLAC,ESCALADE LUXURY,2003
6HRV986,LEXUS,ES 350,2010
6NPV872,FORD,EDGE SEL,2010
6BBL340,CHEVROLET,ASTRO VAN,1994
6EDT121,SATURN,VUE XE,2008
6GYE106,VOLVO,S80 3.2,2007
6EAD856,HONDA,ACCORD EX-L,2008
6YJC207,TOYOTA,RAV4 LTD,2012
6YGX668,FORD,ESCAPE S,2013
6MJV697,MINI,COOPER S,2011
6WZK975,ACURA,MDX TECH,2012
6EZC485,NISSAN,SENTRA 2.0/2.0S/2.0SL,2008
6MYG642,TOYOTA,COROLLA/S/LE/XLE,2010
6UZS187,TOYOTA,PRIUS,2012
6EUP282,FORD,THUNDERBIRD SUPER COUPE,1989
6XQP562,FORD,MUSTANG,2004
6YRS348,FORD,FUSION SE HYBRID,2013
6HBH324,HYUNDAI,SONATA GLS,2009
6NBY182,BMW,750LI,2011
6UYU733,LEXUS,CT200H,2012
6EXC645,SCION,XB,2008
6PSG930,LEXUS,IS 250,2011
6BSC911,HONDA,ODYSSEY TOURING,2007
6WXS292,HONDA,ACCORD SE,2012
6RTX191,NISSAN,ROGUE S/SV/KROM,2011
6KKU717,DODGE,CALIBER SXT,2010
6WMD598,TOYOTA,HIGHLANDER/SE,2012
6PZY684,MERCURY,COUGAR LS,1992
6SZU151,ACURA,INTEGRA RS,1991
6MKE469,TOYOTA,CAMRY/SE/LE/XLE,2011
6ADE740,LEXUS,RX 400 HYBRID,2007
6XMB382,VOLKSWAGEN,TIGUAN S/SE/SEL,2013
6RSY302,TOYOTA,SEQUOIA LIMITED,2002
6CIV515,CHEVROLET,CAMARO/RS,1997
6YLV285,PORSCHE,CAYENNE,2004
6AID304,CHEVROLET,K1500 SUBURBAN,1999
6UQC583,VOLKSWAGEN,ROUTAN SE,2011
6FTA964,HONDA,ODYSSEY EXL,2008
6NLJ832,CHRYSLER,PT CRUISER,2008
6FDZ111,TOYOTA,CAMRY/SE/LE/XLE,2009
6KGN416,NISSAN,CUBE S/SL/KROM,2009
6CQR512,HONDA,ACCORD VALUE PACKAGE,2001
6TUL826,BMW,325I AUTOMATIC,1992
6JSE152,BUICK,CENTURY LTD/CENTURY 2000,2000
6HFX688,HONDA,ODYSSEY EX,2009
6CQY557,HONDA,ACCORD EX,2005
6MUJ669,HYUNDAI,SONATA GLS,2011
6VVN824,VOLKSWAGEN,JETTA SE/SEL,2008
6WPK826,FERRARI,360,2003
6SSH536,BMW,ALPINA B7 LWB,2012
6ENT811,TOYOTA,COROLLA/S/LE/XLE,2009
6JSU154,FORD,CROWN VICTORIA POLICE INT,2000
6ZLC558,MERCEDES-BENZ,E350,2013
6JCU440,HONDA,CR-V EX,2009
6YRW808,HONDA,ACCORD EX,2013
6XMP839,HYUNDAI,ELANTRA GLS/LIMITED,2013
6YVH377,KIA,SOUL +/!/SPORT,2010
6UTK372,JEEP,GRAND CHEROKEE LIMITED,2004
6GSR120,HONDA,ACCORD LX,2003
6YGF349,AUDI,Q5 PREMIUM PLUS,2012
6NGX822,TOYOTA,FJ CRUISER,2010
6LZS853,MAZDA,MX-5 MIATA,1991
6ZMU721,HONDA,CR-V LX,2013
6AIU545,TOYOTA,CAMRY LE/XLE/SE,2003
6CXE390,LEXUS,LS 400,1991
6YWG699,NISSAN,VERSA S/SL,2011
6ZXK523,TOYOTA,PRIUS C,2013
6WCN794,HONDA,PILOT TOURING,2012
6NQK963,TOYOTA,YARIS,2008
6EQU528,HONDA,ACCORD LX-S,2008
6TML179,TOYOTA,YARIS,2012
6HYD423,FORD,EXPLORER,1993
6UYS583,FORD,FOCUS SE,2009
6NQT227,ACURA,TSX,2006
6TYV152,NISSAN,MAXIMA GLE/GXE/SE,1999
6EAT695,TOYOTA,SIENNA XLE/XLE LIMITED,2008
6MSP042,BUICK,REGAL CUSTOM,1995
6TAA215,VOLVO,240/DL,1990
6BKB706,TOYOTA,PRIUS,2008
6HHS715,MITSUBISHI,MIRAGE ES,2001
6ZSZ947,FORD,FOCUS SE,2013
6LCA289,HONDA,CR-V EX,2010
6VWW114,MINI,COOPER S,2012
6YKT278,KIA,SEDONA LX,2012
6UTV810,NISSAN,ALTIMA S/SL,2006
6NHN550,FORD,EXPEDITION,1997
6MTJ863,DODGE,GRAND CARAVAN SE,1994
6CYD511,FORD,ECONOLINE E350 SUPER DUTY,2006
7STT315,CHEVROLET,TAHOE C1500 LS,2016
7TZJ167,MERCEDES-BENZ,GLK350,2014
7UKE803,DODGE,CALIBER SXT,2010
7UQH168,FORD,ESCAPE SE,2017
7LGU631,DODGE,DART SXT,2015
7UJU083,TOYOTA,SCION IM",2016
7KAH913,TOYOTA,SIENNA XLE/XLE LIMITED,2005
7NXF099,NISSAN,LEAF S/SV/SL,2015
7EFX240,LEXUS,IS350,2014
7KCJ823,LAND,ROVER RANGE ROVER HSE LUXURY",2011
7FDE463,SUBARU,IMPREZA SPORT PREMIUM AWD",2014
7WDR751,MAZDA,MX5 MIATA CLUB,2016
7CLG836,KIA,CADENZA PREMIUM,2014
7GQS856,NISSAN,350Z,2007
7XLR402,HONDA,CIVIC EX,2017
7UTJ197,BUICK,ENCLAVE,2017
7KTC677,LEXUS,RX 350,2015
7SGG244,TOYOTA,AVALON XL/XLS,2003
7XKG245,MITSUBISHI,LANCER ES/SE/SEL,2017
7TDG628,MINI,COOPER,2015
7CBP138,Subaru,Outback Limited,2010
7VPS392,Chevrolet,Corvette,2017
7JMP309,HONDA,PILOT EXL,2015
7UHM204,HONDA,ACCORD EX,2016
7WQV372,NISSAN,ALTIMA 2.5/S/SV/SL/SR,2017
7KAD561,JAGUAR,X-TYPE 3.0",2005
7XGT690,TOYOTA,COROLLA L/LE/XLE/SE/XSE,2017
7CVH322,Mazda,Mazda3 i Grand Touring,2014
7ZVB150,MERCEDES-BENZ,C250,2014
7NTX596,SUBARU,XV CROSSTREK 2.0I HY TOUR",2015
7ZFG917,MERCEDES-BENZ,E 300,2017
7FLJ302,TOYOTA,PRIUS C,2013
7CCF970,TOYOTA,COROLLA,1994
7BWT365,CHEVROLET,CRUZE LT,2013
7JJZ951,SUBARU,LEGACY L AWD",1995
7PGZ915,GMC,TERRAIN SLT,2016
7GCE738,FORD,FUSION SE,2012
7KOY249,HYUNDAI,SONATA GLS,2012
7EFZ061,Ford,Mustang,2014
7MVW820,Infiniti,QX60,2015
7HKT457,TOYOTA,COROLLA/S/LE,2012
7AAD232,BMW,325I,2006
7HLE871,FORD,FOCUS SE,2014
7ZRG187,VOLKSWAGEN,JETTA S,2017
7SIE569,DODGE,GRAND CARAVAN R/T,2016
7ZPP021,CHEVROLET,C1500 SUBURBAN LT,2018
7KFM735,HONDA,CROSSTOUR EX,2015
7UMK063,HONDA,CIVIC EX",2016
7TRD983,VOLKSWAGEN,JETTA S,2016
7HDX510,HONDA,CIVIC LX,2015
7XWJ610,Toyota,Corolla 50th Anniversary Edition / L / LE / SE / XLE / XSE,2017
7GXT263,TOYOTA,CAMRY/SE/LE/XLE",2014
7NEM126,MINI,COOPER S,2015
7ERT948,FORD,FUSION SE HYBRID,2014
7NKK928,MERCEDES-BENZ,E350,2016
7EUG922,KIA,OPTIMA EX,2014
7GOB631,LEXUS,RX 330,2005
7NVZ288,HONDA,CIVIC EX,2015
7NSK437,AUDI,A5 QUATTRO PREM PLUS",2015
7NOG566,BUICK,ENCLAVE,2014
7JAF713,HONDA,ACCORD SPORT,2015
7RCK426,VOLVO,S60",2015
7BBC439,CHEVROLET,EQUINOX LT,2011
7KTR619,JEEP,CHEROKEE LATITUDE,2015
7TPR718,LEXUS,RX 350,2016
7ZWH775,FORD,ECONOLINE SUPER DUTY VAN,2006
7SUG425,NISSAN,ALTIMA 2.5/S/SV/SL/SR,2016
7JGH513,BMW,328I SULEV,2015
7MHD838,SUBARU,IMPREZA LIMITED AWD",2015
7LLH762,HYUNDAI,ELANTRA SE/SPORT/LIMITED,2015
7TLD051,MAZDA,CX-5 GRAND TOURING,2016
7RDU258,KIA,SORENTO LX/L,2016
7AQC130,VOLKSWAGEN,JETTA GLI,2012
7KUZ915,DODGE,MAGNUM SXT,2008
7ZHL686,BUICK,LUCERNE CXS,2008
7KHM974,VOLKSWAGEN,JETTA SE,2015
7HVS637,Ford,Escape XLS,2011
7PFH848,FORD,EXPLORER,2016
7PMC975,TOYOTA,CAMRY CE/LE/XLE,2001
7VGA091,DODGE,JOURNEY CROSSROAD,2017
7RIG585,BMW,M3,2016
7GOZ288,HONDA,CIVIC EX,2004
7TRZ264,VOLVO,S60 PREMIER",2016
7UMV945,MERCEDES-BENZ,S550,2013
7COB245,BMW,740IL,2001
7LDY080,CHRYSLER,300 LIMITED",2015
7RBP740,Ford,Focus SE,2014
7UNZ183,RAM,PROMASTER 1500 1500 STAND,2017
7VXG902,ACURA,MDX TECH,2017
7JEF258,LEXUS,ES 300H,2015
7XUD964,NISSAN,MURANO S/SL/LE,2012
7VCF882,MAZDA,CX-5 GRAND TOURING,2016
7MTP323,AUDI,A3 2.0 PREMIUM",2015
7MXB723,KIA,RIO LX,2015
7RTH133,PONTIAC,GRAND PRIX,2007
7EQB567,CHEVROLET,SONIC LT,2014
7VDU800,HONDA,CIVIC EX,2016
7TTC858,FORD,FOCUS SE,2013
7PLR788,TOYOTA,PRIUS C,2015
7MJE463,GMC,YUKON XL C1500 SLT,2015
8FMP274,AUDI,A4 PREMIUM PLUS,2018
8CNL388,FORD,FUSION SE PHEV,2015
8FBV892,BMW,X6 SDRIVE35I,2015
8ATM576,CHEVROLET,TRAVERSE LT,2018
8GAP676,CHEVROLET,VOLT LT,2016
8FJW804,FORD,FOCUS SE,2018
8GVF465,HONDA,CIVIC LX,2018
8EZN709,NISSAN,ALTIMA 2.5/S/SV/SL/SR,2017
8FJZ858,KIA,FORTE EX,2014
8EEU699,CHEVROLET,EQUINOX LT,2015
8DZX292,JEEP,GRAND CHEROKEE LIMITED,2018
8BKS718,CHEVROLET,CAVALIER,2002
8CHX885,HONDA,INSIGHT EX,2010
8FSC526,CHEVROLET,EQUINOX LS,2019
8AIP953,ACURA,INTEGRA GS,1998
8FRC259,HONDA,CIVIC HYBRID L,2012
8AIL908,SCION,TC,2011
8GGL726,CHEVROLET,TAHOE LT,2016
8GNL871,HONDA,ACCORD EX,2002
8GFL858,NISSAN,SENTRA S/SV/SR/SL,2019
8AQT520,HONDA,ACCORD LX,2017
8GHJ584,HONDA,ACCORD SPORT,2018
8EBS802,SUBARU,LEGACY 2.5I LIMITED,2018
8EMB558,VOLKSWAGEN,ATLAS SE,2018
8DFX921,SMART,FORTWO PURE/PASSION,2015
8CXD410,SUBARU,OUTBACK 2.5I,2018
8ADP636,CHEVROLET,CAMARO LS,2014
8DFD899,FORD,MUSTANG,2018
8EBR527,MINI,COOPER,2018
8CGD178,KIA,SORENTO LX/L,2017
8DEK980,LEXUS,IS 200T,2016
8CWJ377,LEXUS,NX 300/BASE/F SPORT,2018
8ACJ317,MERCEDES-BENZ,GL450 4 MATIC,2013
8FIS584,LEXUS,RX 350,2018
8BEP631,TOYOTA,PRIUS,2005
8ERE696,HONDA,CIVIC EX,2018
8DEJ386,JAGUAR,F-PACE PREMIUM,2018
8EKJ772,CHEVROLET,TRAVERSE LS,2019
8BSZ585,VOLKSWAGEN,JETTA GLS,2005
8CWD119,HONDA,PILOT LX,2017
8ERF418,KIA,STINGER GT2,2018
8BQC962,HYUNDAI,ACCENT SE,2017
8DVR892,JEEP,WRANGLER UNLIMITED SPORT,2016
8GKZ075,HONDA,CIVIC LX,2014
8DAY204,NISSAN,ALTIMA 3.5 SL/SR",2016
8EES945,FORD,EDGE SE,2018
8CVR054,KIA,OPTIMA EX,2015
8GTS714,DODGE,CHARGER SXT,2018
8EHA784,NISSAN,SENTRA 2.0/2.0S/2.0SL,2008
8DVT266,CHEVROLET,CAMARO LT,2017
8BXV018,CHEVROLET,CAMARO LT,2015
8AKZ765,SUBARU,FORESTER 2.5I TOURING,2018
8BVZ224,FORD,ESCAPE SEL,2013
8CCG460,JEEP,GRAND CHEROKEE LAREDO,2000
8ADP336,CHEVROLET,TAHOE C1500,2007
8BPM716,HYUNDAI,ELANTRA SE,2018
8BZR976,MINI,COOPER S CLUBMAN ALL4,2017
8CZU833,NISSAN,370Z",2014
8AOY718,LEXUS,NX 300/BASE/F SPORT,2018
8CMW334,JEEP,COMPASS SPORT,2018
8CKL726,TOYOTA,COROLLA/S/LE,2011
8CYG931,MERCEDES-BENZ,SL 450,2018
8BOE024,BMW,530I,2018
8BUE405,LEXUS,SC 430,2002
8BRH015,HONDA,ACCORD SPORT,2015
8GGJ158,HONDA,ACCORD SPORT,2018
8BNY350,DODGE,DART SXT,2013
8EMF343,VOLKSWAGEN,ATLAS SE,2018
8GBL510,CHEVROLET,TAHOE LT,2018
8DDK635,HONDA,CIVIC LX,2010
8FUJ996,SUBARU,IMPREZA 2.5I,2008
8DKC106,TOYOTA,PRIUS C,2018
8AKC254,MINI,COOPER CLUBMAN,2016
8EYU579,FORD,SUPER DUTY DRW F53,2018
8EVH176,JEEP,WRANGLER UNLIMITED SAHARA,2018
8FAK336,HONDA,CIVIC EX,2013
8FEW251,HONDA,ACCORD LX,2017
8GRD162,TESLA,MODEL S,2018
8BNA966,CHEVROLET,SUBURBAN C1500  LS",2017
8DZD463,KIA,SORENTO LX/L,2019
8FKG070,TOYOTA,CAMRY DX/LE/XLE,1996
8DKK414,NISSAN,ALTIMA 2.5/S/SV/SL/SR,2018
8BBD630,TOYOTA,PRIUS,2017
8DIV741,HYUNDAI,ACCENT GLS/GS",2015
8GDF057,MAZDA,CX-3 SPORT,2019
8AOM265,AUDI,SQ5 PREMIUM PLUS,2018
8FSJ041,INFINITI,QX60 LUXE/PURE,2019
8CTJ661,JEEP,CHEROKEE LATITUDE PLUS,2018
8DNZ071,CADILLAC,DTS,2006
8GYA263,TOYOTA,CAMRY LE,2019
8GZL593,Ford,Expedition XLT,2003
8BFB909,HONDA,CR-V TOURING,2018
8CIC342,AUDI,SQ5 PREMIUM PLUS,2018
8ETU463,SCION,XD,2014
8ADV251,TOYOTA,HIGHLANDER HYBRID/XLE",2017
8BNH661,TOYOTA,HIGHLANDER SE/XLE,2018
8CXA624,FORD,FIESTA ST,2016
8HRV005,TESLA,MODEL 3,2018
8FMC613,FORD,EXPLORER XLT,2018
8CJT822,FORD,FOCUS ST,2018
